EmployeeID,FirstName,LastName,Gender,Age,Department,JobTitle,City,Salary,HireDate,PerformanceRating
1001,Joohn,Doe,Male,29,Engineering,Software Engineer,Chennai,85000,2022-01-15,4
1001,Jo123hn,Doe,Male,29,Engineering,Software Engineer,Chennai,85000,2022-01-15,4
1002,Jane,Smith,Female,34,,Marketing Manager,Mumbai,72000,2021-08-10,5
1003,Michael,,,31,Sales,Sales Executive,Bangalore,65000,2023-03-20,3
1004,,Davis,Female,28,HR,HR Specialist,Delhi,58000,2020-11-05,4
1005,,Wilson,Male,40,Finance,Financial Analyst,Hyderabad,70000,2019-06-18,5
1006,Sarah,Johnson,Female,27,Engineering,DevOps Engineer,Pune,90000,2022-09-12,4
1007,Chris,,Male,25,Support,Customer Support,Kolkata,48000,2024-02-01,3
1008,Lisa,,Female,30,Engineering,QA Engineer,Chennai,67000,2023-07-25,4
1009,Daniel,Martinez,Male,36,Finance,Accountant,Mumbai,62000,2021-12-14,4
1010,Sophia,Anderson,Female,26,Marketing,Content Writer,Bangalore,55000,2024-04-08,5
1011,Robert,Thomas,Male,42,Engineering,Engineering Manager,Hyderabad,115000,2018-03-12,5
1012,Olivia,Jackson,Female,32,Sales,Sales Manager,Delhi,88000,2020-05-22,4
1013,William,White,Male,38,Finance,Finance Manager,Pune,95000,2017-10-30,5
1014,Ava,Harris,Female,29,HR,Recruiter,Chennai,56000,2022-06-15,3
1015,James,Martin,Male,33,IT,System Administrator,Mumbai,76000,2021-01-18,4
1016,Isabella,Thompson,Female,27,Marketing,SEO Specialist,Bangalore,61000,2023-02-10,4
1017,Benjamin,Garcia,Male,35,Engineering,Data Engineer,Hyderabad,98000,2020-09-05,5
1018,Mia,Martinez,Female,31,Sales,Account Executive,Delhi,68000,2022-11-20,3
1019,Lucas,Robinson,Male,28,Support,Technical Support,Pune,52000,2024-01-12,4
1020,Charlotte,Clark,Female,37,Finance,Senior Accountant,Chennai,78000,2019-04-25,5
1021,Henry,Rodriguez,Male,30,Engineering,Backend Developer,Mumbai,92000,2022-03-14,4
1022,Amelia,Lewis,Female,26,Marketing,Social Media Manager,Bangalore,59000,2023-08-19,4
1023,Alexander,Walker,Male,41,Sales,Regional Manager,Hyderabad,102000,2018-07-11,5
1024,Harper,Hall,Female,33,HR,HR Manager,Delhi,82000,2019-02-28,4
1025,Daniel,Allen,Male,29,IT,Network Engineer,Pune,74000,2021-10-16,3
1026,Evelyn,Young,Female,35,Engineering,Frontend Developer,Chennai,88000,2020-12-01,5
1027,Matthew,Hernandez,Male,39,Finance,Financial Controller,Mumbai,110000,2017-05-17,5
1028,Abigail,King,Female,28,Sales,Sales Executive,Bangalore,63000,2023-06-09,4
1029,Joseph,Wright,Male,32,Support,Support Manager,Hyderabad,71000,2020-08-21,4
1030,Ella,Lopez,Female,24,Marketing,Marketing Executive,Delhi,51000,2024-05-13,3
1031,Samuel,Hill,Male,36,Engineering,Cloud Engineer,Pune,105000,2019-11-07,5
1032,Scarlett,Scott,Female,30,Finance,Investment Analyst,Chennai,81000,2022-02-23,4
1033,David,Green,Male,27,IT,IT Support,Mumbai,54000,2023-09-18,3
1034,Grace,Adams,Female,34,HR,Training Specialist,Bangalore,64000,2021-06-04,4
1035,John,Baker,Male,43,Sales,Sales Director,Hyderabad,125000,2016-09-26,5
1036,Chloe,Nelson,Female,29,Engineering,Data Scientist,Delhi,97000,2022-07-15,5
1037,Andrew,Carter,Male,31,Marketing,Brand Manager,Pune,73000,2020-04-19,4
1038,Victoria,Mitchell,Female,38,Finance,Senior Analyst,Chennai,85000,2018-12-10,5
1039,Joshua,Perez,Male,26,Support,Customer Service,Kolkata,47000,2024-03-03,3
1040,Riley,Roberts,Female,33,Engineering,Software Architect,Mumbai,120000,2017-08-14,5
1041,Nathan,Turner,Male,28,IT,Database Administrator,Bangalore,79000,2022-10-09,4
1042,Lily,Phillips,Female,36,Sales,Sales Consultant,Hyderabad,69000,2021-03-27,4
1043,Ryan,Campbell,Male,40,Engineering,Technical Lead,Delhi,108000,2018-06-13,5
1044,Lillian,Parker,Female,25,Marketing,Graphic Designer,Pune,53000,2024-01-29,4
1045,Anthony,Evans,Male,37,Finance,Finance Analyst,Chennai,75000,2019-09-22,4
1046,Nora,Edwards,Female,31,HR,HR Executive,Mumbai,57000,2022-05-06,3
1047,Charles,Collins,Male,45,Engineering,Engineering Director,Bangalore,135000,2015-04-15,5
1048,Zoey,Stewart,Female,27,Sales,Sales Coordinator,Hyderabad,50000,2023-11-17,4
1049,Thomas,Sanchez,Male,34,IT,IT Manager,Delhi,93000,2019-01-08,5
1050,Hannah,Morris,Female,30,Marketing,Digital Marketing Specialist,Pune,62000,2022-12-02,4